13939,-57.457,1489.6,22.659,97.819,5.3149,-34.209,-34.26,403.18,57.877,6.6398,45.936,-80.342,46.872,-277.35,-50.447,-48.499,-48.457,77.278,-1.0954,54.349,40.763,-120.52,-63.91,32.873,-56.086,155.01,61.214,24.971,60.337,-39.694,29.816,-76.844,-47.515,8.7678,-17.121,33.292,39.965,-25.425,16.118,-64.488,-93.345,37.351,-21.365,39.936,30.22,15.045,48.299,-15.258,0.16763,-11.023,-18.513,12.274,25.065,3.3993,20.07,-14.362,-16.455,-13.18,-48.653,6.797,2.1094,4.6925,-2.9615
104.88,2.0301,-43.655,0.73055,-18.605,-0.98216,41.802,15.619,-178.7,-41.259,207.85,42.61,-149.87,-32.758,71.003,6.1778,22.504,13.473,-25.711,-2.567,-13.431,-13.391,41.114,23.079,-36.337,-10.714,3.283,-3.2532,9.6001,10.667,-27.155,-26.646,35.233,23.42,-16.485,-9.513,4.5579,5.5543,-7.0188,-14.443,19.079,24.052,-16.723,-12.391,5.0706,5.0717,-2.52,-4.0016,-2.4468,-4.5194,4.8125,5.3258,-1.4303,-2.0789,-2.5774,-3.3624,2.5682,-0.34698,3.0702,12.61,-5.004,-14.841,3.1512,17.602
1497.6,31.279,-394.23,28.342,-472.56,-0.63984,-267.69,-19.521,-86.591,-6.5889,-254.07,-97.394,236.66,-24.82,252.16,48.697,50.022,48.014,-85.665,-17.223,29.951,7.2394,37.448,41,-18.614,54.364,-132.19,-28.739,-102.01,-115.52,95.668,-9.3975,70.234,49.103,-15.989,8.922,-26.693,-47.365,45.658,12.979,38.482,63.62,-7.3697,62.954,-64.911,-46.873,-19.494,-59.382,23.932,2.1954,7.0056,14.348,-12.049,-23.217,-2.2325,-28.559,16.733,29.697,11.555,37.442,-0.78781,21.651,-10.124,-9.7705
-90.98,-0.709,-57.508,-8.0465,75.238,-2.8061,68.358,5.7048,10.974,3.7849,21.445,12.595,-46.712,-5.371,5.5316,5.6674,-30.593,-8.61,1.6796,-4.9828,13.764,6.5341,-18.756,-11.643,10.68,-4.9428,16.33,3.6728,13.794,14.851,-10.856,2.9931,-10.185,-5.7563,0.96615,-1.5483,2.4487,4.0159,-3.2365,2.0727,-8.117,-10.274,-0.38188,-12.869,12.26,9.8447,2.385,9.1055,-4.6175,-3.1133,0.81698,1.8621,0.10935,0.78453,0.90415,4.3437,-2.2117,-1.8542,-2.0803,-9.0611,0.10734,-1.8643,1.7127,2.5714
76.245,7.0099,-591.34,-39.707,277.2,-19.985,364.23,28.09,74.727,29.081,-29.096,23.518,-97.087,-4.339,-22.535,4.6615,-55,-12.676,-2.5748,4.853,-53.203,-29.291,11.621,-24.651,38.03,-12.332,52.273,11.623,48.115,50.889,-33.402,10.546,-31.586,-16.292,5.8315,4.5152,-2.2328,15.274,-26.316,-15.483,-10.527,-23.067,-5.1696,-44.231,37.895,22.398,12.942,30.281,-8.6656,7.9544,-3.3002,0.08481,3.8395,4.7219,-0.38511,12.649,-7.1616,-9.6632,-6.6679,-17.312,-2.5515,-23.883,6.4088,0.29421
178.56,4.0678,-98.554,-1.6878,18.107,5.8454,-75.058,-9.5074,61.986,16.177,-120.18,-31.332,99.846,14.013,-8.3922,4.1228,-18.924,-7.8811,9.0455,-7.9934,45.693,25.382,-40.452,-10.577,14.748,10.705,-17.074,-1.5101,-17.054,-18.78,23.005,11.552,-11.076,-8.1262,6.9386,5.0348,-5.7176,-14.07,18.407,19.323,-11.629,-8.7513,9.8782,15.862,-10.009,-4.6461,-3.9546,-7.5743,3.1884,-1.5273,0.2968,2.3638,-2.7737,-5.3574,2.915,-1.4402,0.75384,6.6936,-0.85994,-5.9305,3.9424,16.331,-3.4528,-10.997
119.87,3.1752,-155.53,-11.618,205.97,19.207,-69.718,14.171,-218.3,-48.573,207.99,30.185,-48.993,4.8264,-52.274,-13.753,-9.6006,-24.687,77.614,15.957,3.5317,2.1142,34.155,36.91,-64.694,-13.65,-17.546,-24.136,41.518,28.681,-37.896,-18.105,1.6143,-7.7491,6.0995,-7.0486,11.613,4.1228,2.7116,-4.1025,17.474,29.468,-21.489,-15.181,8.7486,15.307,-7.2705,-5.4197,-7.4973,-13.6,3.2657,-2.3305,1.3691,0.074526,-0.92238,3.4256,1.7181,-9.693,4.4304,12.985,-2.4232,1.1129,2.7475,18.65
20.027,0.29193,12.978,1.5997,3.2968,5.0255,-77.087,-12.306,70.121,12.384,-77.569,-20.741,82.295,16.394,-34.937,-9.2998,34.536,14.388,-27.96,-3.8809,0.67704,2.9178,-17.983,-12.415,16.566,0.9213,10.571,12.36,-22.935,-14.645,13.695,2.1765,4.9464,2.762,2.7016,9.8319,-11.07,-9.1367,7.2397,10.9,-14.174,-19.435,16.062,16.029,-8.7265,-6.9044,-1.4097,-5.3631,6.3893,6.3355,-1.2089,0.95975,-1.4447,-0.67968,1.4503,-1.1946,-0.56398,4.5488,-2.1394,-6.3537,3.4396,7.1641,-3.6195,-13.314
37.212,-0.024904,85.826,5.8945,16.668,14.908,-146.41,-2.7342,-147.01,-42.212,172.65,18.761,-18.231,-1.2485,-4.0843,-11.33,65.288,23.123,-19.156,12.662,-52.295,-22.223,35.07,14.19,-20.229,-5.0602,-3.1151,-3.8367,2.2542,2.8274,-19.246,-27.485,38.481,18.537,0.10203,11.327,-11.052,-0.95724,-5.4901,-9.3831,9.7147,9.4069,-3.912,1.025,-3.2475,0.52355,-4.9192,-10.515,2.5731,-3.2876,5.5763,5.1517,-1.225,1.4535,-1.6871,-1.2942,0.74683,-2.1532,2.0206,8.4514,-1.7216,-4.0825,-0.90533,5.2057
-249.3,-6.0682,135.33,1.3845,5.9055,-2.1721,21.575,-3.6914,66.824,11.498,-7.9205,8.0883,-20.863,6.797,-60.595,-20.217,38.578,6.8462,-7.1553,1.3132,-16.928,-11.643,19.366,4.3458,-4.5792,-5.9959,15.612,5.5644,5.1113,8.8293,-6.9427,3.3628,-8.2437,-3.7689,-2.1847,-3.9558,2.0904,0.16363,0.27367,1.7412,-4.7495,-6.776,3.0365,-1.336,2.5268,-0.99444,3.9973,7.0152,-0.020976,6.2292,-4.7923,-6.6272,1.7586,2.753,0.049318,1.3498,-0.90602,-2.9079,-1.2522,-1.7902,0.96838,-2.0753,0.21802,-2.5266
-8.9568,0.65734,-106.87,-5.7198,-27.702,-15.837,155.71,5.1082,93.194,23.683,-50.067,8.7198,-67.17,-11.239,-0.70639,-7.6423,37.002,17.798,-43.039,-4.9249,-29.382,-21.602,22.493,-7.0912,28.595,8.5711,4.6184,4.0546,5.207,7.779,-4.2939,4.4512,-2.9866,3.6053,-7.6175,-1.1176,-7.0346,-7.4902,1.6206,0.15028,-3.8529,-6.8324,3.4432,-3.6383,2.3368,-5.836,8.2712,11.374,0.29464,9.9322,-3.0804,1.4493,-2.7313,-4.6538,1.6132,-1.4973,-1.009,4.5747,-2.3826,-4.6476,0.55392,-8.2931,0.17665,-8.7651
-10.944,-1.2364,121.59,9.176,-95.469,-1.85,-23.85,-1.871,-6.5908,0.35744,-30.342,-10.999,30.949,0.90329,10.81,3.9958,-13.377,-8.246,29.189,8.6983,-10.192,-6.0349,26.929,18.011,-16.637,10.259,-39.333,-23.164,14.521,-3.2095,10.491,8.098,-12.516,-10.744,9.8605,1.7583,3.2873,3.1101,-1.9497,-7.6513,15.181,21.637,-12.461,-2.6736,-3.5443,-3.6007,0.39656,-0.91441,-2.3938,-4.9352,-0.48603,-5.7198,3.7902,4.158,-1.8844,-0.25941,1.3309,-4.2797,2.5115,9.506,-1.8362,1.7626,1.0601,4.569
90.231,1.9149,-10.029,3.5543,-77.888,-7.2839,48.571,4.4041,1.3166,9.2378,-76.806,-17.267,37.178,-0.53846,25.741,12.594,-45.749,-17.13,23.221,-6.7534,45.236,18.67,-9.5441,7.122,-6.1385,13.208,-43.143,-24.185,16.256,-3.3979,15.387,16.062,-23.606,-16.619,7.9184,-3.1192,7.8524,-0.019489,7.6334,5.9914,1.9721,8.8024,-4.1292,4.1706,-6.0402,-5.5136,1.8819,3.0969,-4.186,-8.4802,-0.067058,-3.6144,0.92075,0.89057,1.6569,-0.019233,0.38839,0.72222,0.99392,0.07939,1.1077,10.838,-0.45191,-0.097666
-57.498,-1.4423,88.87,5.5119,-74.984,-5.2553,18.85,-0.52999,20.152,7.1285,-63.374,-19.673,74.14,9.6545,17.456,15.583,-48.259,-12.739,29.403,15.802,-37.7,-8.3739,-12.177,-17.306,31.606,9.8719,-8.7152,-5.1727,8.252,2.1005,8.9055,11.921,-18.819,-16.564,20.607,14.571,-3.7059,13.125,-22.559,-20.888,9.6677,2.3201,-1.5316,-5.309,2.7953,-0.85511,3.9918,6.3964,-2.1934,-0.85663,0.40279,-1.1512,3.9497,7.4642,-3.4827,0.30465,-1.4588,-5.1142,0.9295,1.3272,-2.1492,-5.4201,1.0723,-2.0544
-109.35,-3.3408,138.19,5.9208,-21.12,3.6248,-32.075,3.0366,-79.83,-17.514,45.113,-4.7327,52.561,10.282,6.1741,12.089,-43.341,-13.347,23.478,5.8764,4.3726,13.459,-41.502,-19.589,18.091,0.0084958,3.892,-0.43568,6.2361,3.7326,-0.27428,2.7378,-8.736,-11.903,15.864,9.7391,2.5973,15.891,-18.675,-12.031,-0.31694,-8.4102,6.1919,3.276,-0.25843,0.025275,1.064,3.997,-2.7581,-6.7407,2.6081,-0.8549,3.3266,9.1345,-1.7239,1.7418,-2.5436,-5.4914,0.27996,-3.0776,0.052715,2.7301,-0.31333,0.58096
-38.952,-0.57465,-33.634,-3.4566,1.8443,-6.8244,84.118,5.8111,30.384,11.331,-40.398,-2.4037,8.5072,9.4701,-45.744,-9.1199,-11.818,-15.324,40.641,9.2325,-4.029,3.3604,-15.141,-10.243,18.313,3.3131,9.5942,10.792,-12.649,-3.4602,5.3596,8.2588,-14.045,-6.6228,-1.9662,-8.1011,8.59,5.3366,-5.7599,-7.9765,6.7091,3.5992,2.6795,7.2977,-5.8006,-7.644,4.138,3.8614,1.0503,6.5662,-4.4677,-4.7458,0.15907,-0.40188,-0.81076,-3.4945,0.84588,0.19396,1.6187,4.1616,-0.45742,-2.8014,-0.1174,-2.4409
-11.393,0.32712,-51.776,-4.2633,23.547,-3.3022,57.143,6.2082,-17.635,-4.5607,53.119,16.997,-55.98,-3.4675,-27.569,-13.028,32.318,6.5677,-4.1954,1.4553,-6.781,0.4441,-18.463,-16.856,28.029,3.333,20.344,20.531,-27.268,-9.7095,2.9099,-1.9525,7.7622,10.397,-12.408,-8.4935,2.9151,0.52436,-3.0796,-4.8307,2.1933,-3.3406,8.5959,12.554,-8.757,-11.221,3.2125,0.62573,4.5931,11.554,-4.05,-1.7017,-1.7301,-3.3726,-0.084322,-3.8955,0.86374,2.8074,0.52892,3.5527,0.24764,-5.3906,-1.1676,-6.2857
171.09,4.1772,-99.436,-1.5797,13.356,2.9434,-19.046,3.5482,-65.856,-13.162,37.206,1.8234,-0.49572,-1.5048,0.93657,-4.7148,22.672,6.9868,-6.3704,-0.87001,4.8828,-0.96786,16.559,14.691,-20.922,-0.43428,-10.65,-1.3314,-17.487,-19.04,16.436,-2.8276,16.913,16.913,-17.279,-12.014,9.985,3.6199,2.4852,2.4171,1.8841,5.6164,-1.2606,7.819,-9.0079,-8.0116,-0.64375,-6.5547,3.2408,2.0997,-1.5937,-5.1284,1.5703,1.3417,1.7025,1.9665,-0.39503,-1.2304,0.33885,5.0152,-0.16119,1.5763,-0.099106,3.8831
80.635,2.1832,-49.773,-1.1604,3.5635,1.3663,-21.014,-3.2604,17.036,2.0241,-1.2045,4.2994,-30.788,-8.947,11.487,-4.923,31.497,13.552,-32.61,-12.959,25.959,6.4687,1.2107,4.6157,-2.9434,4.7492,-8.3583,3.529,-24.926,-23.348,25.841,6.7496,6.9834,13.861,-19.88,-14.921,8.069,-3.3764,12.121,13.593,-8.5449,-5.2897,5.0292,11.243,-9.0322,-8.4752,0.36339,-5.1367,5.3095,7.3503,-4.8503,-6.0961,0.22598,-2.3561,2.9743,2.8589,-0.18857,0.66859,-0.98626,0.68984,1.6454,5.2306,-1.1485,-4.4963
-50.723,-1.3053,11.928,-1.7603,61.453,7.3761,-54.524,-3.1222,-25.617,-11.749,69.736,12.626,-33.016,-7.8389,31.402,7.5056,2.1934,10.841,-30.841,-2.3583,-21.377,-12.924,12.986,0.51402,-4.4296,-9.3736,17.768,2.2087,12.464,12.69,-11.865,-3.8598,5.5189,5.6812,-6.5993,-4.4146,4.9956,8.7097,-8.3662,0.037815,-9.444,-13.453,2.6832,-11.399,12.48,11.717,-0.95267,3.423,-1.5562,1.2699,0.057695,-0.1736,0.6577,1.1022,1.2146,7.9524,-3.7382,-7.1256,-0.90306,-4.7099,0.044351,-3.9433,1.1744,2.3711
-68.011,-2.0642,64.178,1.5505,20.866,6.668,-76.755,-10.561,53.351,7.2384,-36.201,-7.2131,18.65,-2.6617,35.239,13.258,-24.717,1.1522,-24.674,-13.48,28.164,10.29,-13.044,-1.1393,-7.6652,-6.85,7.2645,-1.3694,6.3785,2.0795,6.157,9.4153,-12.634,-7.8326,2.7247,-1.5977,5.5181,5.123,1.2243,10.735,-16.479,-18.387,7.1725,-2.5802,7.438,10.789,-4.3854,-1.999,0.36221,-0.66745,-1.0232,-3.0965,2.2782,2.8465,1.4715,8.409,-3.3042,-7.2393,-1.2841,-6.8454,2.0061,7.5887,-0.33421,-2.3723
-42.994,-0.6847,-20.705,-3.6285,45.858,1.4467,-6.3745,-4.2249,57,9.3857,1.0532,12.663,-70.492,-12.583,10.475,-0.10083,-11.363,-8.9021,15.817,-2.7015,19.217,6.3391,1.2053,6.1191,-11.603,-4.4453,4.3563,-0.89843,11.744,15.651,-23.344,-9.7907,1.0153,-3.1582,0.21412,-2.3677,-1.2561,-8.4758,10.979,6.8596,0.40427,3.5134,-1.5014,-1.2291,3.2626,10.384,-7.7438,-8.792,1.4258,-1.7918,2.9969,8.0337,-5.9949,-10.402,1.2371,-0.54629,1.64,1.5643,2.3304,2.8272,0.030124,2.5425,-1.2854,-0.55177
4.3693,0.50514,-21.391,-1.592,17.151,0.89771,-16.339,-5.0348,52.738,10.454,-39.901,-4.3397,-0.51173,-2.8315,14.703,6.5737,-21.786,-6.2259,7.2756,-2.0557,12.291,5.9865,-8.3082,-0.97399,-7.1889,-8.019,15.405,5.6796,2.446,8.8854,-15.325,-6.9984,0.7628,-5.469,9.7518,8.9679,-8.2607,-5.6767,1.8745,-0.83116,1.536,0.99199,0.42263,-1.5469,4.0989,8.7398,-7.8101,-9.1602,3.1978,1.6058,2.2613,6.2411,-2.9488,-5.2643,-0.81254,-1.2337,1.2568,0.78122,1.143,2.4335,-0.19092,-1.3089,-1.0908,-1.868
139.66,3.4154,-68.615,0.21599,-17.753,0.13318,-18.51,-1.4354,-1.0077,0.81603,-24.872,-7.9871,14.56,-4.2362,31.052,7.5907,-3.3487,3.5851,-15.348,-7.036,19.616,7.4238,-1.3229,6.6942,-15.451,-3.4975,-3.685,-1.2012,-6.5983,-5.9299,-4.8353,-17.54,29.298,16.235,-1.9471,11.466,-15.975,-14.618,12.042,8.4266,-3.3028,1.3578,-1.3507,1.9228,-2.3384,0.58328,-5.4961,-11.535,3.7896,-3.1,5.7822,11.761,-4.5679,-6.7556,2.5452,-1.7831,0.9329,8.8062,-2.6482,-3.3606,0.8261,1.5091,-0.71701,-0.18024
-27.021,-0.87914,32.884,1.5178,-9.153,0.089195,-7.0813,-0.378,-2.1966,-0.86109,4.7513,-0.32903,6.9325,4.3205,-19.275,-6.2279,11.711,-0.21179,9.0102,5.3952,-11.719,-4.0551,8.5732,4.8504,-11.1,-6.6437,12.851,8.0729,-8.9171,-0.72016,-10.243,-14.152,19.469,10.427,-1.7937,7.126,-12.324,-11.171,5.9903,-1.524,6.9626,11.657,-8.613,-6.2199,2.3899,1.5392,-1.7443,-4.1924,1.9426,0.90002,1.6571,5.6016,-3.1025,-4.6975,0.059804,-4.3917,2.6965,7.0818,-1.3441,1.7306,-0.73226,-6.7201,0.74509,5.3141
-47.807,-1.4468,25.964,0.42321,5.2129,-0.24431,13.801,4.0631,-37.326,-7.1363,21.793,-1.4027,26.802,7.4196,-10.521,0.0042992,8.5053,8.8395,-29.268,-5.9031,-3.3604,-2.9031,-4.809,-6.2373,0.51387,-10.883,27.584,10.745,3.3597,10.621,-14.317,-6.8025,8.289,7.99,-8.0332,-1.6283,-4.5275,-7.1663,7.6399,11.066,-13.156,-12.074,1.1098,-11.078,10.948,5.5565,3.9197,12.233,-5.0348,-2.3646,0.040381,2.2532,-1.7768,-1.3194,1.7754,-0.63713,-0.041135,6.9018,-4.4496,-13.401,2.4373,-2.0576,1.0548,5.3463
-63.995,-1.8706,66.348,2.8741,-23.941,-1.196,6.4833,1.0598,-9.4064,-1.2266,-0.25615,-3.0095,23.756,9.1513,-32.851,-9.2676,18.73,2.3546,4.7926,6.2164,-20.333,-9.9981,18.13,6.5606,-6.4601,-0.96784,-0.78022,-0.82567,-0.14114,-1.1178,1.8806,0.39113,2.3196,3.7351,-5.1016,-2.4992,-1.0104,-4.2041,5.9609,4.121,0.80343,6.6125,-9.6346,-12.805,6.7646,3.7002,2.6686,7.7394,-5.5515,-7.2768,1.4933,-0.20847,0.99118,3.3097,-0.36486,-2.1996,1.0267,4.0046,-2.0052,-5.4678,0.010824,-1.5982,1.9097,11.731
-31.257,-0.63944,-0.8223,-0.70486,0.98017,-3.3223,46.692,5.1876,-17.016,-1.968,27.765,10.526,-35.077,0.22836,-38.29,-14.445,21.135,-2.7325,16.81,2.141,7.7973,2.764,4.5284,4.7328,-3.5712,4.0868,-10.576,-5.0676,5.3936,3.8653,-4.9027,0.60217,-6.7596,-5.4291,-0.0047998,-5.3259,2.9704,-4.5858,9.5168,6.3258,2.5999,7.2116,-4.3692,-0.61109,-0.66814,1.8606,-1.2706,2.9991,-4.7253,-11.159,3.6234,1.2609,-0.20847,2.2637,-2.9342,-6.2009,3.4096,4.2874,1.5022,-0.69485,-0.031562,4.9017,-1.0422,7.9662
67.54,1.7746,-43.756,0.031956,-29.272,-4.0778,31.56,1.3815,11.676,5.916,-40.894,-9.3334,27.682,3.5691,-2.4231,0.221,0.16592,0.60693,4.4741,5.7709,-20.523,-11.099,17.406,3.8879,5.0628,8.5196,-20.377,-12.189,11.969,1.4445,7.4303,10.246,-14.561,-10.431,8.595,3.0942,0.54943,3.3817,-4.9218,-4.3028,4.0496,4.7297,-4.5299,-7.0361,3.9164,3.1966,1.274,5.7442,-5.7561,-9.0515,4.0964,2.7303,1.5242,4.5712,-3.3859,-4.5937,1.0246,2.3573,1.1756,-1.6393,-1.8274,-1.2249,0.88681,4.7851
43.518,0.70334,6.8903,2.3548,-30.81,-0.18386,-11.085,-0.29159,-17.989,-4.6776,13.637,0.56191,-3.6979,-4.3642,19.681,3.1282,5.96,4.4866,-5.1644,2.0909,-10.707,-3.1776,2.172,-1.4929,12.605,13.512,-28.732,-14.205,4.3346,-7.5182,13.203,5.0621,-2.3273,-5.2106,15.048,14.628,-8.5639,3.7649,-10.758,-11.175,6.7372,3.6119,-0.62663,2.6594,-3.8909,-4.9654,0.96879,-1.6491,-0.24004,-3.9018,3.7825,4.7615,2.6598,5.3099,-4.1488,-4.7582,0.96184,1.5766,0.29312,2.7775,-2.5741,-3.5823,1.1725,-3.8396
-39.112,-1.2189,29.324,0.71184,-0.51057,0.33384,-1.6131,-0.32233,2.0094,0.87481,-3.5884,-1.2534,7.4057,1.7967,-0.37455,2.452,-15.058,-6.4408,15.455,4.9704,-8.9865,-3.2631,3.107,0.67249,1.8488,2.4724,-8.7303,-8.5876,17.252,9.8168,-5.1093,4.8305,-15.877,-15.008,15.093,7.0499,0.5913,7.3697,-12.028,-13.216,9.4372,5.9593,-1.7945,0.20164,-0.80715,-1.6222,2.4968,2.6886,-2.6476,-2.3102,1.4599,2.6372,0.19993,0.67258,-2.8851,-4.5743,1.4034,1.0309,2.3722,4.6197,-2.925,-3.9458,1.564,-2.4732
-66.256,-1.437,51.025,0.84135,-1.4365,0.72927,-9.2149,-0.9342,3.564,-0.2808,1.751,-0.58772,5.0089,-0.67837,14.348,6.5131,-10.452,2.7466,-16.803,-5.6761,4.2288,1.845,-13.668,-11.186,15.518,0.39582,8.1983,3.1599,5.1854,5.5958,2.3124,11.352,-20.455,-12.795,6.9749,0.49324,2.487,5.3207,-6.9676,-6.9362,1.438,-3.0721,3.0482,2.5582,-1.5258,-7.1308,7.9106,9.0734,-0.89808,8.5485,-6.8945,-6.8182,2.0539,0.15304,-0.4966,-0.46469,0.51255,-1.3956,-0.1816,1.9647,-1.0411,-2.9651,2.2293,-7.9312
-41.594,-0.9183,28.933,0.34353,12.22,1.4408,-8.3103,0.64809,-18.28,-5.1739,34.484,7.3844,-23.335,-2.0483,-4.9184,-2.2926,0.58853,-3.449,10.649,1.9355,3.1576,2.5984,-0.019457,3.2031,-7.9491,-3.8517,3.0257,1.2151,0.065723,2.2822,-7.1571,-6.636,5.5938,1.3003,1.7099,1.4577,0.19009,2.7686,-5.2941,-8.6822,9.7095,8.4023,-2.4247,5.1209,-6.8532,-8.0758,3.3311,0.13351,0.19594,1.678,-1.0013,-2.6971,1.1603,0.93324,0.10085,1.1309,-0.18438,-3.1033,0.80042,4.3798,-1.4957,0.23287,1.2232,-0.97241
44.504,1.4868,-59.789,-2.7007,10.36,-2.0422,30.973,2.2018,10.4,4.1804,-14.077,1.4691,-15.597,-1.8352,-7.99,-3.4708,0.022175,-3.4594,2.6585,-7.1353,32.939,14.214,-12.723,1.1585,-8.1746,-3.4386,5.7276,6.9373,-14.217,-8.9933,7.9797,3.0793,-3.4524,-1.0114,-4.0195,-7.2779,7.138,1.8607,2.6475,0.98382,2.751,3.6229,2.1889,11.435,-10.283,-9.1492,1.3342,-1.6976,2.1743,3.7043,-4.1717,-11.857,3.8432,4.9355,-0.31382,4.0852,-0.64574,-7.7016,1.7834,4.6325,0.47552,8.0408,-1.5002,-1.5392
98.419,2.4555,-78.39,-1.9215,2.5499,-0.89195,11.573,2.0633,-16.101,-3.0104,10.659,1.3621,-10.249,-4.6207,18.127,3.0422,7.9354,6.5845,-16.383,-1.8218,-6.0538,-3.2395,1.9825,-2.0261,4.027,-0.52748,6.1532,6.9171,-12.432,-6.9912,3.1399,-5.545,15.97,15.012,-12.926,-5.4482,0.3786,-0.94676,0.49948,1.7885,-2.2292,-3.222,1.8345,1.7597,-2.6183,-5.8883,4.1704,3.5083,0.87872,5.746,-3.0636,-5.898,1.1291,0.57272,1.9652,6.4173,-2.5011,-5.279,-0.42684,-0.73949,0.85351,0.91263,-0.51011,-3.893
41.941,0.63245,-20.256,0.02737,3.2043,1.6783,-17.482,-0.87769,-10.207,-2.5196,2.3806,-2.4438,13.415,0.86908,8.2122,3.0163,-3.0853,0.32254,-0.78447,1.0324,-2.5214,2.022,-7.9487,-3.9334,3.7892,0.25573,3.2616,5.0506,-15.212,-13.248,12.155,0.437,9.7244,8.6447,-3.7441,0.29897,1.3897,6.0485,-7.7035,-2.6984,-3.399,-6.9925,4.6865,1.8381,-0.71206,-1.5062,-0.64646,-2.1159,2.9607,6.1174,-2.1659,-6.8308,3.9074,6.2357,-0.43778,7.1426,-3.7048,-10.16,0.80976,2.4761,0.645,-1.2245,-1.2001,-5.382
-13.888,-0.32388,-4.0534,-1.0624,16.384,0.8973,-3.8346,-0.6614,10.178,2.4274,-11.59,-1.6351,7.2076,1.1299,0.26546,2.4605,-12.856,-4.2094,5.6222,-0.43322,4.9561,2.7561,-7.7387,-4.3715,6.0726,1.1997,1.8838,1.66,0.025656,0.12726,2.5422,4.1945,-4.655,2.5844,-11.33,-13.146,10.81,1.7755,6.1429,11.825,-11.914,-12.161,6.7623,2.9135,1.02,2.8574,-1.1522,-0.084846,0.77996,3.3134,-3.0628,-4.801,-0.22897,-1.6079,2.2821,5.4728,-2.2472,-5.6714,1.2525,0.76395,2.0764,5.3807,-2.0364,-6.6798
-79.715,-1.8797,63.124,1.444,9.2062,2.5049,-30.25,-3.7196,15.274,1.2955,-2.4484,-1.5106,11.551,3.1421,-5.4418,1.5305,-11.114,-4.6776,16.291,8.2846,-21.276,-6.5806,-0.7771,-7.3429,15.152,3.9841,1.796,2.1472,1.4278,2.2844,1.8943,7.3846,-10.945,-4.0487,-4.3864,-8.3325,7.5507,3.5218,-0.58424,1.0807,-2.036,-3.2354,1.4869,-1.3202,3.2065,4.5969,-1.5016,-2.5026,2.8431,7.6343,-4.5223,-2.8054,-1.0692,-4.0805,1.9315,2.1337,-1.0581,-4.8012,1.3834,6.985,-0.057277,-2.5687,-0.17042,-5.7794
-10.145,-0.075749,2.2437,-0.35035,9.8551,0.85107,-7.1618,-1.2516,12.188,2.4763,-12.673,-1.3998,5.2922,1.5764,-7.3864,-0.69165,-10.787,-7.2602,19.082,2.6341,6.7482,4.9975,-5.1736,0.86055,0.0094837,3.9921,-12.13,-6.7191,3.7911,-1.06,2.1361,0.85475,-1.3102,-1.7003,1.5372,-1.2657,4.0106,2.7888,0.37724,4.8445,-6.6838,-8.7391,8.2032,9.4632,-3.5142,3.1424,-7.4155,-11.817,4.7623,-0.088291,1.9952,3.6713,-0.7651,-0.79858,1.2653,1.4611,-1.7353,-2.9635,0.37183,2.2202,1.1791,4.6017,-2.0427,-5.2394
31,0.96199,-30.679,-0.98526,-6.9756,-1.9023,14.32,-0.84129,31.005,7.8479,-36.077,-4.4844,6.1113,1.3544,-9.3994,-2.7974,-0.48764,-4.0993,16.475,5.2048,-8.0065,-4.2118,11.938,5.8348,-1.7206,5.6479,-15.271,-7.0448,2.5178,-2.5437,5.1736,3.143,-3.8552,-2.8618,1.1953,-0.62026,1.6495,0.099228,1.2661,-0.40459,2.8771,4.1332,-0.80518,3.4494,-2.7642,1.9757,-4.8996,-9.6555,3.882,-0.1401,1.3019,3.9805,-2.417,-3.7554,2.1598,-0.2061,-0.15782,1.2239,0.05824,2.3794,0.26533,1.5545,-0.68187,1.7584
51.631,1.1691,-30.717,-0.36059,-7.0326,-0.30096,2.0226,1.1747,-15.176,-3.5935,10.49,0.24234,1.5752,-1.0756,8.2368,0.80288,10.667,7.1194,-13.599,0.408,-14.043,-6.3339,4.6492,-2.1624,5.9611,1.2256,0.51288,-0.12202,1.9374,2.8536,-4.5817,-4.3396,6.0767,1.877,3.547,7.4205,-7.1672,-1.4548,-3.5334,-3.884,-0.022944,-3.8843,3.2887,1.5776,-0.0010644,-0.57569,-0.52985,-2.1356,3.7654,5.194,-0.86778,4.5686,-3.3312,-5.1511,1.7944,-1.1278,0.54103,5.3446,-2.2258,-3.1067,1.2476,-4.8879,-0.3803,-0.89384
14.878,0.31302,1.041,0.38796,-13.04,-0.46558,1.2569,0.24482,-1.3516,0.80858,-16.291,-5.6247,26.013,4.5988,-5.2391,-0.75697,3.8258,2.312,-6.3938,-0.33291,-3.969,-3.2506,8.9427,6.0418,-11.234,-4.7181,1.7496,-2.5338,5.1383,2.7996,-3.1312,-2.9965,3.2997,-0.37116,5.9942,7.7535,-4.4383,1.2396,-5.0787,-3.5606,-0.24311,-1.2396,-0.85808,-5.8058,4.3393,3.0049,-0.20022,2.4865,-1.5502,-3.1937,2.9438,5.0503,-2.1178,-1.4022,1.3506,0.39611,-0.65859,5.937,-2.2988,-9.7757,1.7003,-2.672,-0.25925,7.3929
-55.555,-1.2155,38.773,0.4797,0.89723,0.061917,6.1609,1.7789,-15.736,-4.1015,26.507,5.9707,-16.249,-0.20847,-10.938,-4.8563,13.577,4.1775,-11.087,-4.5288,7.9389,1.5023,1.417,1.6179,-5.9984,-4.615,8.8084,3.1221,2.3868,5.87,-7.3813,-1.9037,-2.0408,-1.6499,-1.9762,-1.7819,-1.4889,-6.3169,8.1365,3.9326,1.8008,6.1474,-5.1045,-3.7275,0.88272,-1.1947,2.4507,5.2199,-1.8635,-1.6008,-1.6208,-1.88,-1.1866,-2.4694,1.2911,-1.5407,1.8339,5.9264,-1.8214,-5.1354,1.8394,1.896,-0.30892,9.3188
-55.653,-1.3761,46.861,1.4258,-2.4313,0.74009,-3.2694,0.21775,-10.603,-2.9021,12.552,1.0931,3.7903,2.8987,-10.741,-2.286,3.9173,0.92462,-2.8911,-0.41985,-0.24739,-1.1396,3.0214,2.1112,-8.4448,-7.6615,13.512,4.4014,4.6387,9.2834,-12.855,-5.3467,0.47712,-1.4808,0.579,0.27123,-2.2713,-4.7838,3.6894,0.71317,3.6136,7.2377,-6.3728,-7.3571,4.204,2.7337,1.4657,5.9273,-4.5523,-6.7167,2.6139,3.6253,-1.8979,-2.2121,0.034849,-3.8725,1.4827,6.6042,-0.76016,-5.1231,0.52225,0.29417,-0.16439,9.4585
6.5207,0.31735,-6.2271,-0.12761,-6.6538,-1.468,14.539,1.4479,-1.861,0.38705,0.65628,1.7271,-11.38,-2.1881,1.2917,-1.3178,3.3455,0.88204,-6.9278,-6.5507,22.378,8.5922,-6.0876,2.9125,-7.8961,-0.93813,-2.4073,-0.72699,-5.8601,-6.7143,5.7821,-0.39425,4.4775,2.6172,0.84133,2.6762,-3.1306,-3.5204,3.9387,3.7812,-2.0676,1.9975,-2.0776,-2.2964,0.46941,0.40333,-0.94125,0.48354,-2.2656,-6.5756,3.0183,0.19214,3.2807,6.4689,-2.1818,-1.5535,-0.33605,0.79382,-0.58364,-3.5164,0.090229,1.7529,-0.19148,5.3948
24.687,0.51534,-20.932,-0.28713,-6.2947,-1.5783,12.584,0.901,0.59599,0.53115,5.9334,2.9147,-19.123,-4.2094,6.8344,0.072656,3.7768,0.85023,0.81553,0.78961,-2.6051,-1.8242,3.9195,1.7365,-0.34547,1.4623,-2.4693,0.25212,-3.4647,-2.091,-1.8466,-5.4318,9.3872,6.6557,-3.0412,1.2951,-4.8201,-5.7217,4.2661,0.71457,4.2526,7.2516,-5.9494,-4.4047,0.84827,0.71435,0.030952,0.42503,-2.1087,-5.9043,3.2373,5.3278,-0.6391,-0.13035,-1.5573,-4.4979,1.5695,3.8022,0.77747,1.544,-1.6973,-1.6924,0.96723,1.7556
43.153,0.80108,-22.781,0.27596,-9.2354,-0.56583,-1.4573,-0.17229,-1.673,-0.058046,-5.856,-2.496,5.2366,-2.5685,21.943,6.446,-6.8023,3.2203,-13.756,-3.5488,3.4536,2.231,-12.175,-8.3401,11.204,1.0037,5.9342,4.7652,-5.6247,-3.3061,4.4334,3.3723,-2.1743,-0.77292,1.5629,1.9473,-1.455,1.9323,-3.1392,-1.1566,-3.6229,-6.3751,3.4744,-2.0854,3.3153,2.8823,0.43859,2.1076,-0.42678,1.6908,-0.74113,0.75502,0.77678,1.819,-3.061,-4.0606,1.1711,0.65655,1.5437,3.2472,-1.9967,-5.895,0.99849,-5.4279
-13.905,-0.33793,16.198,0.57199,-1.0928,0.40715,-9.5509,-0.94456,1.6279,-0.034358,4.2495,1.194,-6.123,-2.406,9.8644,2.5351,-6.2057,-1.347,1.1818,0.064437,0.7584,0.86504,-2.169,-0.63593,2.2038,1.6135,-3.4576,-1.7881,0.23647,-1.7107,2.4866,0.22131,2.2393,2.7774,-1.774,-0.94453,0.75648,1.7714,-1.1589,1.3615,-3.3855,-4.1027,0.65421,-2.8151,2.9408,2.5402,0.5449,1.9168,-1.6712,-2.4238,1.2104,2.8646,0.14665,0.50246,-0.94076,-0.90233,0.15649,0.46188,0.10002,-0.13112,-1.5234,-2.2399,1.6977,-3.6254
-59.108,-1.5421,40.068,0.75042,10.522,1.5831,-11.862,-1.2074,1.7213,-1.0741,13.368,3.6373,-11.848,-0.73154,-2.9423,-0.12401,-5.3444,-3.427,7.2847,0.17106,5.0473,3.7035,-7.5486,-3.664,4.291,0.22197,2.8146,2.4958,-0.78841,0.78563,0.71212,4.71,-9.2698,-5.8999,-0.25227,-5.166,5.0049,2.1054,1.0371,-0.79796,3.3347,3.7139,-0.8906,3.1261,-2.4661,0.037652,-0.8611,-2.9457,0.80728,0.43457,-1.1854,-1.4969,0.43683,-0.2519,-1.1426,-2.2149,1.8032,-1.7165,1.3274,6.3525,-1.8522,1.4863,1.2818,-0.38751
-14.389,-0.26005,7.5057,-0.18461,7.7211,1.3048,-6.6352,-0.80419,2.349,-0.25044,-2.2301,-0.4748,3.3485,0.61222,1.1779,1.4401,-6.2142,-1.4252,0.43033,-1.1403,5.1308,1.9687,-3.316,-0.9203,-0.36571,-1.179,1.4758,-0.24488,3.6959,3.3439,-1.4861,2.1557,-5.9986,-3.8874,0.07645,-3.4786,4.7769,2.6882,-0.11435,1.354,-2.2984,-3.0246,3.0489,4.1556,-1.4967,0.022972,-0.67613,-0.96884,-0.46852,-1.3291,0.76001,0.4586,-0.27015,-0.64154,0.2058,0.52394,0.22293,-0.83913,-0.22375,-0.99725,0.1342,4.2975,-0.041214,-0.82835
12.753,0.5055,-15.433,-0.91055,5.6944,0.013204,0.93699,-0.06848,2.7675,0.59479,2.6793,1.9066,-9.6177,-1.4446,-2.6989,-2.0567,4.7566,-0.57034,4.6344,1.3317,-1.3659,-0.71761,6.1819,4.3632,-4.1438,2.3419,-9.1016,-4.031,-2.0905,-5.5155,5.9933,0.28005,3.6965,1.7912,2.2977,3.7145,-1.8073,1.9328,-4.2859,-5.072,4.0479,3.8537,-2.3996,0.26399,-1.9212,-3.3076,0.89333,-1.594,0.73147,1.597,0.13163,-1.3577,1.6149,1.5572,0.37837,4.1968,-0.97069,-2.3708,-1.2599,-1.8296,-0.24695,-0.64911,0.98683,1.6708
56.083,1.4183,-50.663,-1.851,5.7477,-0.32087,7.8602,0.88128,-0.43838,0.38516,-4.939,-0.7772,0.72307,-0.46763,2.6592,-0.047879,4.0027,2.3369,-4.4649,-0.19139,-3.279,-2.4136,3.691,1.1058,-0.69947,-0.25873,-0.0051141,-0.53965,1.1429,1.7754,-2.8197,-2.3434,2.3777,0.45077,0.98988,2.4827,-2.0521,-0.66311,-0.79858,-1.6307,1.3404,-0.64851,2.0561,3.9604,-3.2669,-3.9257,0.74676,-0.51714,1.4679,3.8799,-1.0536,-1.8613,-0.73762,-1.8856,0.38676,2.2043,0.21049,-0.31226,0.11583,-0.75005,0.89401,1.4502,-1.0324,-1.6165
34.781,0.7836,-20.718,-0.22612,-2.1857,0.18617,-6.2416,-0.74636,4.7128,1.1325,-13.638,-4.3371,16.748,1.833,3.1682,1.2152,1.8505,2.7835,-6.1433,1.7351,-12.114,-6.4247,7.4307,0.87548,0.11413,-1.1642,3.335,0.21109,3.2586,3.6454,-3.0064,-0.64271,-0.52478,-0.67307,1.0164,1.8521,-1.5481,0.27159,-2.362,-1.902,-0.15552,-1.4525,0.12525,-2.7148,2.3865,-0.55069,2.6688,4.5009,-0.7064,4.3584,-2.1659,-3.3582,-0.4638,-2.1205,0.64082,3.2519,-0.66009,-0.8413,0.30332,-1.8972,0.55548,-1.3837,-0.48936,-0.93619
-23.469,-0.54274,15.201,0.17859,9.4575,0.89446,-9.4503,-0.28222,-3.4235,-1.3482,11.593,2.2471,-5.2553,0.73573,-7.6836,-3.1041,4.6065,-0.35011,3.5029,1.3247,-2.4647,-1.1343,4.4611,3.5292,-4.6976,-0.9123,-0.8199,-1.8095,2.0632,1.7897,-3.9313,-4.0686,5.831,2.7513,-0.41614,1.9621,-2.9406,-2.6719,1.3284,1.2841,-0.71003,-0.27585,-0.21533,0.43485,-0.62783,-2.515,1.4312,0.66506,1.0423,4.0639,-2.3395,-4.6267,1.7071,1.3317,0.38122,3.3022,-1.1928,-3.3424,-0.21542,0.84307,0.16793,-0.54321,-0.0046573,-2.1847
-39.51,-0.99968,26.457,0.56635,4.9407,0.67866,-7.506,-1.3782,13.748,2.6007,-14.97,-3.2527,14.717,4.4625,-13.123,-1.5252,-4.3563,-3.3612,9.1523,2.1559,-0.84446,-1.243,3.3565,2.9782,-6.5976,-3.4761,4.1239,-0.12028,5.2434,6.3534,-7.0755,-1.5135,-3.2494,-2.7341,-0.45916,-2.9095,2.2187,-2.3466,4.8555,3.7327,0.19937,2.3908,-0.75723,1.6366,-0.98225,1.3808,-2.4132,-2.4484,-0.54997,-3.1612,1.4521,0.030394,-0.065896,0.70794,-0.12358,-1.077,-0.10755,-2.2405,1.5366,3.3303,0.010541,4.7883,-0.90557,0.030369
-15.471,-0.37138,11.453,0.44784,2.8434,0.24531,-4.3598,-0.31368,-1.3354,-0.59362,4.968,0.68357,-1.8921,0.14173,-2.2115,-0.62396,1.7301,0.79091,-0.27247,0.013489,-0.26486,-0.52181,0.47466,-0.2569,-0.23994,0.091963,0.26064,0.21551,0.62222,0.66463,-1.5562,-0.92104,1.1547,1.2015,-1.7668,-0.8724,-0.23637,-2.6761,4.075,3.5751,-2.2478,-0.57997,-0.24941,0.08156,0.33452,0.69908,-0.74186,-1.0615,0.14769,0.016363,-0.80752,-2.2807,1.6739,3.2528,-0.37843,-0.35577,-0.35527,-3.3131,0.26053,3.3201,-0.30098,0.6054,0.31165,-1.4932
16.192,0.435,-12.438,-0.30849,-4.1808,-0.73297,5.4388,-0.1831,6.4329,2.2235,-9.9358,-1.244,3.4898,0.36554,-3.5869,-1.0547,0.60977,-1.7157,7.046,2.6273,-4.8195,-1.5081,5.3836,3.2702,-3.2648,1.0495,-5.5402,-2.6151,-0.70403,-2.5423,1.1124,-3.344,7.0949,4.1062,1.1745,4.2746,-3.8608,-0.77076,-1.6841,-1.3296,0.43716,0.3506,-2.055,-3.745,2.6934,2.1342,-0.72599,0.014963,-0.83117,-3.7125,2.8965,5.2351,-1.0103,0.86052,-0.019365,-1.7426,-0.058908,1.5219,-0.92977,-0.045871,-0.3939,-3.6171,0.68106,-2.6247
48.228,1.024,-35.127,-0.63855,-7.7947,-1.0878,12.163,0.92595,-1.8312,0.68537,-8.5619,-1.9087,4.579,-1.1266,8.838,2.6073,-0.91089,2.0567,-8.352,-2.5346,2.7593,1.8187,-5.8442,-4.7042,6.9578,1.5624,1.1118,2.1125,-2.5721,-2.0735,3.5189,3.5262,-3.8463,-2.0817,0.23659,-0.46136,0.34555,0.82301,0.2466,0.81595,-2.0868,-3.1246,2.3243,-0.085518,1.0304,2.2501,-1.0248,0.18672,0.12072,-0.33982,0.28895,0.71288,-1.079,0.40261,-1.0817,-3.4237,1.3381,1.3519,0.55242,2.2953,0.044766,-1.4791,-0.45955,-1.5088
-0.12278,-0.093124,8.5495,0.58338,-8.1149,0.13445,-0.39272,-0.053133,-6.3547,-1.3467,5.6506,0.40398,0.56634,-0.65145,2.7256,1.0425,0.78157,0.52349,0.29317,2.0494,-9.651,-2.8668,1.967,-2.1264,5.5324,1.7653,-0.59884,0.57384,0.051237,0.098471,0.5805,0.71304,-0.70293,0.25969,-0.69323,-0.56493,-0.29027,0.53758,-1.6998,-1.9858,2.2116,2.1523,-2.9678,-4.6875,3.2309,1.5528,1.3909,4.0681,-1.6773,-2.3296,0.90019,3.1555,-2.3523,-2.9686,0.80947,-1.4328,0.84273,3.5103,-0.96103,-1.8736,0.32673,-1.7693,0.23527,0.99679
-25.895,-0.66371,17.78,0.44042,-0.63875,-0.20195,6.1858,0.91741,-6.4092,-1.0173,6.2408,1.5918,-4.4468,0.012632,-2.8156,-0.22498,-3.3366,-2.5619,1.986,-2.9061,13.415,7.4612,-9.8917,-2.2398,1.6955,1.1445,-2.4678,-0.20385,-3.4411,-4.8174,6.8607,4.9015,-4.2347,-2.8073,1.9023,-0.8634,2.7117,3.9211,-2.9318,-1.3938,-0.96588,-1.606,2.3755,2.7992,-1.8391,-0.93547,-0.72268,-1.9579,1.1676,0.70231,0.089792,-0.49397,0.79729,1.5455,-0.093595,0.070979,-0.39983,0.17898,-0.60626,-0.92112,0.25032,-0.66503,-0.23029,1.1132
-39.454,-0.93622,30.92,0.88531,-2.8133,-0.17617,1.786,0.43299,-3.8865,-0.90954,5.0754,0.51699,-0.13076,1.0041,-4.0182,0.25565,-3.369,-1.5538,3.7536,0.053979,2.8128,1.2478,-3.5507,-1.865,1.698,0.083101,0.98948,0.69003,0.4534,0.88099,0.80473,3.3039,-6.4338,-2.9148,-1.6007,-5.2965,5.7055,2.2014,0.75121,0.029366,1.9088,2.6564,0.15622,3.7607,-3.3818,-2.018,-1.0299,-1.6467,0.24383,-1.5872,0.39858,-0.042059,-0.33118,-1.2216,1.1388,0.80965,-0.42101,0.046995,0.40018,-1.5172,0.92523,5.4446,-0.9823,3.9449
-10.058,-0.38534,9.2005,0.82509,-2.7583,-0.88623,4.623,1.284,-11.955,-2.322,15.677,2.6576,-10.563,-1.4944,2.112,-0.12369,2.0151,1.0414,-2.2211,-0.98071,3.0865,1.7584,-5.0759,-3.0697,4.6544,1.8267,-0.42075,1.5541,-4.0294,-3.7135,4.3927,2.6489,-1.6587,0.11347,-1.3591,-2.1647,2.7946,2.8646,-2.2437,-2.42,1.0232,-0.041687,1.6797,4.1755,-3.551,-4.112,1.1941,-1.3196,2.2493,5.4562,-3.4821,-4.7768,1.7717,0.21784,0.85592,3.1974,-1.2451,-2.1446,0.2616,-0.32312,0.088373,0.38985,0.092997,1.8659
37.333,0.7422,-27.669,-0.12955,-8.0627,-1.8427,13.558,1.3233,0.42494,1.417,-9.8682,-1.7656,3.058,-0.15853,3.7893,0.18425,-1.0541,-0.17554,-1.9217,-0.86103,4.2169,1.7715,-2.3297,0.3635,0.17784,0.97897,-2.2648,-0.67634,-3.191,-3.9796,4.8222,0.48786,2.1586,1.5879,0.59998,1.3662,0.74867,4.3065,-5.4766,-2.8844,-2.5668,-5.6213,4.8826,3.6373,-1.4965,-2.4067,0.96447,-0.20458,1.8904,4.364,-1.6166,-1.009,0.16799,-0.96411,0.9607,2.6681,-1.6931,0.34763,-0.12198,-2.8878,0.41696,-1.9495,-0.42982,-2.3028
31.062,0.5241,-19.322,0.19353,-5.8174,-0.98759,4.5485,0.89513,-7.2488,-1.1641,6.0455,0.47769,-4.0072,-1.742,7.6654,1.018,3.5424,3.2211,-6.793,0.14144,-5.6598,-2.5991,-0.26049,-3.0238,6.0808,1.3513,2.2103,2.4632,-2.1683,-0.56945,0.54503,0.53378,-0.42126,0.69926,-2.1185,-1.5064,0.62548,0.65499,-0.78834,-1.4279,0.97101,-0.36781,1.0173,1.5247,-1.1942,-2.0573,1.5854,1.0664,1.2334,4.6723,-3.2029,-3.6995,0.16424,-1.6709,0.42681,1.4939,-0.19419,-0.79314,0.86316,0.78641,-0.028466,-0.12047,-0.066865,0.35346
